,publication_category,audi_status,author_order,sign_no,person_rank,exam_status,publish_time,nums
publication_category,1.0,-0.00025060186577883185,-0.1427175169283888,0.36059395510648684,0.10020293987470393,0.026061377638214905,0.2479633908821895,0.05772037969964476
audi_status,-0.00025060186577883185,1.0,0.0981589239331753,-0.10373920155351929,-0.1271313075824123,0.08217734284813877,0.04780431574284344,0.06831993313518202
author_order,-0.1427175169283888,0.0981589239331753,1.0,-0.37035034339780215,-0.6914862896952428,0.0014841179259122298,-0.2970144579317404,0.08598687997497381
sign_no,0.36059395510648684,-0.10373920155351929,-0.37035034339780215,1.0,0.3012656399971567,-0.04150488369336926,0.5589196122723747,-0.1611802224071844
person_rank,0.10020293987470393,-0.1271313075824123,-0.6914862896952428,0.3012656399971567,1.0,-0.0029933203341167575,0.19144145403859691,-0.059017599261713904
exam_status,0.026061377638214905,0.08217734284813877,0.0014841179259122298,-0.04150488369336926,-0.0029933203341167575,1.0,-0.02623111527557112,0.0904450582529053
publish_time,0.2479633908821895,0.04780431574284344,-0.2970144579317404,0.5589196122723747,0.19144145403859691,-0.02623111527557112,1.0,-0.34468676832214573
nums,0.05772037969964476,0.06831993313518202,0.08598687997497381,-0.1611802224071844,-0.059017599261713904,0.0904450582529053,-0.34468676832214573,1.0
